{
    "hash-python-md5": {
        "color": "lightgreen",
        "x": [
            1024,
            10240,
            102400,
            1048576,
            10485760,
            104857600,
            209715200,
            524288000,
            1073741824,
            2147483648
        ],
        "y": [
            0.10040000000000049,
            0.12729999999999686,
            0.2693000000000001,
            1.7419000000000184,
            16.832500000000028,
            164.85649999999995,
            329.3672000000001,
            817.9275000000001,
            1664.9562000000008,
            3353.7061999999996
        ]
    },
    "hash-python-sha1": {
        "color": "deepskyblue",
        "x": [
            1024,
            10240,
            102400,
            1048576,
            10485760,
            104857600,
            209715200,
            524288000,
            1073741824,
            2147483648
        ],
        "y": [
            0.11970000000000036,
            0.12410000000001586,
            0.18980000000001773,
            0.9069999999999911,
            9.320600000000013,
            92.4155000000001,
            184.2750999999998,
            463.1561,
            943.3497000000007,
            1895.4857999999995
        ]
    },
    "hash-python-sha256": {
        "color": "violet",
        "x": [
            1024,
            10240,
            102400,
            1048576,
            10485760,
            104857600,
            209715200,
            524288000,
            1073741824,
            2147483648
        ],
        "y": [
            0.11819999999998498,
            0.12680000000001024,
            0.1939000000000246,
            0.9395000000000375,
            9.866600000000004,
            96.54659999999993,
            192.32350000000008,
            475.0433000000003,
            977.4493999999994,
            1957.8893000000014
        ]
    },
    "hash-subprocess-md5": {
        "color": "lime",
        "x": [
            1024,
            10240,
            102400,
            1048576,
            10485760,
            104857600,
            209715200,
            524288000,
            1073741824,
            2147483648
        ],
        "y": [
            18.244100000000014,
            17.51460000000002,
            17.60010000000001,
            19.96779999999998,
            38.99419999999998,
            225.63109999999998,
            429.76060000000007,
            1050.4328000000003,
            2136.629300000001,
            4239.332299999997
        ]
    },
    "hash-subprocess-sha1": {
        "color": "cyan",
        "x": [
            1024,
            10240,
            102400,
            1048576,
            10485760,
            104857600,
            209715200,
            524288000,
            1073741824,
            2147483648
        ],
        "y": [
            17.49880000000001,
            17.340699999999988,
            18.59700000000003,
            19.588300000000004,
            35.529599999999995,
            192.25610000000003,
            361.32439999999997,
            888.2348000000002,
            1798.1499000000003,
            3590.520600000001
        ]
    },
    "hash-subprocess-sha256": {
        "color": "magenta",
        "x": [
            1024,
            10240,
            102400,
            1048576,
            10485760,
            104857600,
            209715200,
            524288000,
            1073741824,
            2147483648
        ],
        "y": [
            17.9589,
            17.482600000000016,
            17.899300000000007,
            18.80599999999999,
            26.899600000000024,
            105.32649999999988,
            191.2986000000001,
            458.2227000000003,
            920.8990999999997,
            1832.4096999999995
        ]
    }
}